Timestamp,Current (A),Voltage (V),Temperature (°C),Battery Capacity (Ah),Accessory Load (W),Elevation (m),Temperature Outside (°C),Location,SOC (%)
2023-01-01 00:00:00,-25.091976230527507,328.4063292308575,-12.781329181484718,75.34025946082468,353.6193171566993,925.6646441930982,33.07842371503158,"(6.807606761453968, 178.87705858553835)",62.39746989091648
2023-01-01 01:00:00,90.14286128198324,216.82799299900978,43.17870346756967,91.78855085479378,76.26952145713068,2709.504736891791,-18.278915847883894,"(67.31310867594888, 38.66304098910393)",3.6859513885857353
2023-01-01 02:00:00,46.39878836228101,232.32574281892275,15.367666071350001,76.55157264151202,288.1441800834066,4364.729179382041,-18.451351392970192,"(44.814771149552854, -127.2364599290282)",25.97331692866011
2023-01-01 03:00:00,19.73169683940732,379.7108377054159,37.85202262754191,63.305380063558346,303.35752319142796,3661.124432047806,2.6527153404678856,"(-73.04384984393973, -61.6193194660881)",39.56005398791588
2023-01-01 04:00:00,-68.79627191151269,321.285811931918,2.403472072142822,68.09538066509012,212.065335651193,4032.8057393072486,14.205023328326604,"(-47.73089827016739, 103.05331984925778)",84.66456914574832
2023-01-01 05:00:00,-68.80109593275947,201.83941032332592,42.68662599473403,119.11681520490886,368.22211781236143,3293.916833553587,33.92851924654553,"(-52.760950579111686, -68.25107811220587)",84.66702695814949
2023-01-01 06:00:00,-88.3832775663601,220.29430857320642,7.244117511391419,80.95005776086887,467.18350738450744,3461.382822589262,27.830676362455364,"(42.9933758778528, 76.73969829040709)",94.64404123711982
2023-01-01 07:00:00,73.23522915498702,332.7003538216112,-19.241364396379115,104.64047915721132,462.78425645338814,4245.978257826597,11.213189446372382,"(10.189756820599172, -134.98981809600238)",12.30029734405224
2023-01-01 08:00:00,20.223002348641756,201.01231676924374,43.37673834934846,125.51259062822854,225.41968570206606,1248.3400442959296,-0.8461333602833889,"(80.03099424893324, -169.2637700569275)",39.309736522135765
2023-01-01 09:00:00,41.61451555920911,232.16161028349973,-13.60993262497065,153.5592242944048,56.619022920377624,2447.1248182157024,49.798715011039775,"(2.4716229673594228, 112.40509309850722)",28.41087771549472
2023-01-01 10:00:00,-95.88310114083951,309.7467578733172,2.35195463132904,55.89682097616484,492.4205994811673,1106.047209098011,9.832691156518106,"(-54.000270498604806, 108.12872886663831)",98.46516026728689
2023-01-01 11:00:00,93.98197043239887,338.3790395385387,46.50433769355635,169.9115598363564,419.4490432229671,4938.340039983235,11.597091703077282,"(-12.692667391049426, -130.63615302615725)",1.7299463055514934
2023-01-01 12:00:00,66.48852816008434,330.39225190052014,46.54250028562893,144.18505842363618,62.33134060163342,4720.296698433066,-8.546332516583156,"(24.0110411629463, -44.37521629473346)",15.73770454522888
2023-01-01 13:00:00,-57.53217786434477,244.85386189211195,20.140652168630027,62.26385479233079,460.42094130868617,197.1340568425295,35.636668412495055,"(-70.62492610421016, 16.989983231003748)",78.92557492891268
2023-01-01 14:00:00,-63.635006558579875,342.4358442695072,24.228604851885947,181.03679361601658,434.94818103106417,3527.875862578442,28.557755804704207,"(-26.476424206731792, 89.67087687817673)",82.03493271977379
2023-01-01 15:00:00,-63.31909802931324,247.44981749936002,11.391186538482383,188.130860079772,259.4190285630361,4626.241587078329,-4.546127104786773,"(-7.035200491620515, 143.28003437430164)",81.87397905453285
2023-01-01 16:00:00,-39.15155140809246,265.07993963185356,0.5247540188645168,59.161693978229565,295.63771787246463,902.8767256366676,-14.23332680689101,"(10.686635226593594, 109.79089870498092)",69.56074643116324
2023-01-01 17:00:00,4.951286326447573,349.29828102360483,3.0065181758941186,91.53164722208055,199.50135193506512,2839.726152763147,27.63495114522992,"(12.135080049735166, 170.47413246401612)",47.09059218309898
2023-01-01 18:00:00,-13.610996271576852,329.92657980944296,27.076291925392688,170.9301919689592,27.380819411015665,4577.441487940209,25.815784999679465,"(34.23336060803415, 69.74449992407133)",56.54797349004171
2023-01-01 19:00:00,-41.754171960391616,369.8446820988356,32.6662170606376,162.23895355754877,167.59862082295047,169.72989292899422,-0.8718331101253476,"(85.22214216132312, 113.53328112442586)",70.8867673464465
2023-01-01 20:00:00,22.370578944475895,331.52257846006864,35.4105330608094,77.6781529034566,401.42672429900574,3487.1013362341996,46.560449357528725,"(64.62793679216392, -60.44517921554866)",38.215558010122855
2023-01-01 21:00:00,-72.10122786959164,313.6617206670943,35.273269995618776,81.40239850050655,2.3160115023014294,1486.7450368627538,-9.425947575336984,"(58.49344684458987, -52.4064630792802)",86.34842610316429
2023-01-01 22:00:00,-41.57107029295637,218.7349535656185,-13.615572786591674,105.5708154187073,166.74958584557208,4621.980976882652,10.263436072982135,"(-56.652102871363105, -126.82280681151002)",70.79347804984585
2023-01-01 23:00:00,-26.727631341261656,273.5431606118867,14.609421329180705,122.6784477786532,199.08434679547165,4855.291225826839,46.053114411731926,"(23.21228077803569, 39.99645526204455)",63.230827210371835
2023-01-02 00:00:00,-8.786003156592813,253.04047353634508,-15.9708867988349,142.73821572954438,268.6978014689614,4721.33244556717,9.38091218482856,"(-80.71792864912733, 47.17757150582415)",54.089665927337435
2023-01-02 01:00:00,57.03519227860272,248.7979286758167,18.46702176266149,105.33704593546585,459.92780820638023,2371.0710832873187,24.696816336485988,"(18.008375068296985, 64.41315239847239)",20.55412739525545
2023-01-02 02:00:00,-60.06524356832805,394.6021109504891,10.90713509613639,119.38020741997218,173.17299718298062,4310.213254946567,7.8316078573956,"(12.681194779519757, 130.4774278190498)",80.21615802997262
2023-01-02 03:00:00,2.8468876827223255,278.6195449333521,42.13929279308098,162.12064072006348,173.47660094811386,4222.746992675352,-0.8049358355930991,"(-47.347629596853636, -97.24702465733476)",48.16277176502394
2023-01-02 04:00:00,18.482913772408494,378.40931103542266,4.5640508786455065,55.50248043358968,368.7506240548742,1595.5023662162782,48.87843535718798,"(50.76711514844635, -23.522878428774703)",40.19630212021822
2023-01-02 05:00:00,-90.70991745600045,326.2277251994526,-11.80530885006759,87.86554165160311,226.10897044490358,4144.577370753386,8.653380442053013,"(-64.59253563666147, 30.53062030226596)",95.82945151648998
2023-01-02 06:00:00,21.50897038028768,358.9622607083297,-9.99058225630149,157.00243788268287,112.30241146999099,185.0381735774631,42.58694425753941,"(-79.0440082191596, 143.56125182675066)",38.65454285403007
2023-01-02 07:00:00,-65.8951752625417,300.5274186210384,33.305744220223055,184.2810256530799,226.21975806634669,2981.3493924102654,-3.9031775876239685,"(-18.141083182469586, 66.2284953649006)",83.18647629414328
2023-01-02 08:00:00,-86.9896814029441,315.3807769252718,23.275264432138272,126.75161631734991,70.42851018989992,1150.0441864385152,-5.082670718244168,"(23.70772522785694, -37.290998724790995)",93.93401162542108
2023-01-02 09:00:00,89.77710745066665,298.5035387637728,-12.921412671404683,129.81702278979736,88.19349325311165,602.834428886394,-17.820614198084204,"(-55.359401844446175, 77.98945543389715)",3.872300962188504
2023-01-02 10:00:00,93.12640661491187,239.0485975596089,-14.11252357195018,66.07580170096641,249.18388636973987,384.7660081460458,25.616677776311953,"(-3.4714918455900374, 75.63513093485398)",2.1658513841251334
2023-01-02 11:00:00,61.67946962329222,344.490423052301,29.0678392021384,117.1118550235182,209.46272475227394,3481.443879390699,5.796844060663279,"(-45.90218177116831, -113.74785410543504)",18.187893527627622
2023-01-02 12:00:00,-39.07724616532586,256.15447248817117,-14.906589554506454,129.89258996825347,457.42295053405,1699.3748188403306,40.505077488774596,"(-11.373800749015928, 178.99882165759533)",69.52288831698802
2023-01-02 13:00:00,-80.46557719872322,204.86319328629077,37.530204150324934,86.37057554520945,181.19694955831656,3623.8338576438073,13.124693468409,"(78.19957207344044, -26.96416924540253)",90.61001626980075
2023-01-02 14:00:00,36.846605302431385,329.09445918143354,29.436955900954736,90.38648464240714,290.2941751390217,326.78170399471185,47.773539954030525,"(-63.84566489113167, -40.40380773920455)",30.840101874619933
2023-01-02 15:00:00,-11.969501252079738,235.4221358814098,-14.305585355067016,106.5926244656934,316.1321439597652,1576.4516891530516,-7.013213900781519,"(77.32263668149963, 92.59402185473482)",55.7116407690603
2023-01-02 16:00:00,-75.59235303104424,388.0917168705829,-14.061360014036566,53.01067966665896,6.547228294166818,2697.4564618766863,40.80362175689275,"(36.0343210082967, 53.44421256664674)",88.12713524993879
2023-01-02 17:00:00,-0.9646179777459594,390.78571540051746,49.064770495082286,98.31187483747675,331.7686860083553,3953.615824194818,34.36177969542192,"(87.934262719381, 25.6720216197009)",50.104713021130856
2023-01-02 18:00:00,-93.12229577695632,382.9728780440897,6.198955702928423,81.7172010494817,89.01798343487572,1593.7625146603496,33.964529125083644,"(55.7220194125253, -1.941897138657822)",97.0585450569746
2023-01-02 19:00:00,81.8640804157564,274.0317400510889,5.944950294682364,99.1246028266872,480.5351587347276,3129.4568821850453,39.134825968182135,"(-36.99821378844544, 44.77347286818309)",7.903944892082009
2023-01-02 20:00:00,-48.24400367999662,203.09132330577347,36.89596970802518,67.96431977288768,74.33136387655648,4429.8887411809355,33.27167936600992,"(56.345749728260074, 89.1890425531816)",74.19330105888598
2023-01-02 21:00:00,32.50445687079639,385.66371251754504,46.30740041687011,183.57909211098425,207.31206186351187,3079.315940911523,23.835422514199074,"(-48.46367363102788, -155.8642676973957)",33.05240271598768
2023-01-02 22:00:00,-37.65778478211781,285.6368296634629,49.02007446760096,139.0388680331073,42.67483403932193,1164.7973737681689,-10.81285856223287,"(60.95738806638656, -178.30882012249594)",68.79968051748455
2023-01-02 23:00:00,4.0136042355621555,393.33096380873394,32.736472968125916,151.86534787167344,498.4371259229737,122.0039077826901,-17.723167435612368,"(37.84779905070167, -87.14558563893623)",47.568336072158104
2023-01-03 00:00:00,9.342055868655933,392.7239954178506,6.338170987164105,168.37568579110075,251.0975051656213,4350.4943695046495,44.45934934709808,"(11.58349682042055, -24.913077874197114)",44.853519152221054
2023-01-03 01:00:00,-63.02910889489459,370.601891093472,-14.154949831093187,124.76632983935859,297.6925086600219,106.34705425193569,23.16552201645166,"(-83.64783445646376, 6.367030004705555)",81.7262311789909
2023-01-03 02:00:00,93.91692555291172,258.88977841391716,34.400284114920574,63.03804321311355,33.53823869421374,4373.508363420997,35.757610368332344,"(-64.73755803845343, -70.33570751653295)",1.763086315360411
2023-01-03 03:00:00,55.02656467222292,277.01954572038505,19.088297481506352,130.56598127278215,374.9802351995889,2644.68567013606,13.706564605878505,"(7.715070093056966, -150.07962156212184)",21.577512158248297
2023-01-03 04:00:00,87.89978831283781,370.2273343033714,9.69554064728834,138.02616770313188,104.95279654779289,4695.3384925644805,-11.788426772632386,"(31.458553826539088, -56.51089326374452)",4.828784779709849
2023-01-03 05:00:00,78.96547008552977,263.38440103125555,43.44480695663152,161.81592112764952,449.0271447203569,3993.916178868327,-11.236994545821469,"(-84.89580403441536, -95.93872885755364)",9.380770977905854
2023-01-03 06:00:00,19.579995762217024,233.8985493372185,-12.216176238569407,114.7489319344519,102.56982024100358,4989.670552666687,27.989570106027998,"(-39.66712573939383, 38.401348282118164)",39.63734485578658
2023-01-03 07:00:00,84.37484700462338,311.36025249167005,14.48375730036014,69.13704541933456,95.34386033183328,1753.5590772585508,10.12141264296239,"(18.5780561744743, -131.9475913024823)",6.624723068028189
2023-01-03 08:00:00,-82.3014995896161,387.23095483215616,-19.205244866280665,92.56638586980867,18.27483392404744,3835.9414446556343,-5.96326913097643,"(-4.458301588102486, 166.87964451294357)",91.54540867151303
2023-01-03 09:00:00,-60.80342751617096,339.2059593349946,12.806244939588836,104.46234445979526,236.03347255499963,2009.654568046211,14.41161827190058,"(52.77990744520088, 13.070154086920382)",80.59225870792253
2023-01-03 10:00:00,-90.95454221789238,314.01223401787297,-16.058770702271385,146.88758619974018,282.4205666313082,2399.378101519544,-15.505374404740614,"(-2.7682405498936475, 51.05727749052724)",95.95408649271744
2023-01-03 11:00:00,-34.933933847347134,219.4352987541537,-11.682745861234965,135.61674570033676,32.854319714176185,3137.5273160918505,20.737998134007917,"(80.76809239866702, 112.74966272843892)",67.41189338638353
2023-01-03 12:00:00,-22.2645420621036,323.00144533983394,-11.773162725602658,103.41450888467693,387.7638083475053,4368.385570931694,-1.1704616895431634,"(-0.5758538266917554, 109.5576676006703)",60.956907669656616
2023-01-03 13:00:00,-45.730193645220815,398.01077002085265,25.44472114812445,197.97728731894696,226.6444173740138,4920.417345996476,35.82913704460317,"(-9.086320125906639, 170.22753561871724)",72.91252861581242
2023-01-03 14:00:00,65.74750183038586,228.0168030473048,32.22314154857963,140.86622290353307,262.19513466379004,3841.367069322591,1.7253371246501636,"(-72.36213635037713, 164.3591967497486)",16.115253401164765
2023-01-03 15:00:00,-28.64933466128214,303.66593047274733,20.83581355680117,85.58401876039918,220.38137346911407,2088.833910836669,11.865410435726083,"(40.9317392844917, -108.86835194021064)",64.20992452560105
2023-01-03 16:00:00,-43.81309806252385,375.47461438559105,47.35207839321794,65.26737089306056,200.381530437663,2106.785011385351,-19.186562206432956,"(4.277062120301451, -149.42623058602342)",71.93577891751019
2023-01-03 17:00:00,8.539216631649694,348.1537235508409,6.240940566659283,72.9288708776498,279.82016565410896,3687.9115079444573,-14.928717854380878,"(-67.7982022605311, -10.691373770456522)",45.2625613458439
2023-01-03 18:00:00,-71.81515500504747,339.4031481990536,-0.00015396026974912047,86.89365925767622,77.62012296535626,1193.8857288415118,7.4745489484679375,"(15.625643259309726, -160.15820250799675)",86.20267354567163
2023-01-03 19:00:00,60.43939615080794,340.49681679742184,40.80193897326222,74.10220598893335,90.96406524763556,552.3705656569733,13.595718430198644,"(82.12829944541767, -80.15289340718239)",18.819704169232466
2023-01-03 20:00:00,-85.08987126404584,271.89823024395105,-4.348291303638316,77.98505360769586,430.8928105067587,1773.1107882038827,22.00143836835126,"(88.31037166602388, -58.1881955873794)",92.96606876605156
2023-01-03 21:00:00,97.37738732010345,258.71836885289866,47.4255777608428,92.76427530407707,473.05773106681636,1436.1949582704087,0.4163805096512263,"(71.94647885032114, -99.65049467690719)",0.0
2023-01-03 22:00:00,54.44895385933148,361.8722310957027,-19.149186771712856,76.00603929421322,186.65465813987646,1481.5406022799505,28.648732028857978,"(-62.039587690221104, 110.96734424135514)",21.871801703495763
2023-01-03 23:00:00,-60.25686369316552,362.02267893583615,47.89151786953474,184.5148136939638,135.37233657177688,1168.0387552495497,40.20856780324432,"(35.08593015025352, -59.7261111743522)",80.31378743395899
2023-01-04 00:00:00,-98.89557657527952,373.41446371602075,-16.978806163459673,62.03506184924633,321.9997716195079,210.4659481818094,34.589569222534486,"(-73.35905098911377, -178.9451906921368)",100.0
2023-01-04 01:00:00,63.09228569096683,382.64811051129425,42.380017958864975,128.67670843553822,204.3670855490482,89.36967366706905,-17.226682225615,"(-74.46867665579254, -33.16343576232302)",17.468071479988055
2023-01-04 02:00:00,41.37146876952343,302.26847977218756,16.93907763604099,111.55952404844922,12.69317783017243,4938.611948680158,13.635486308048023,"(-60.29082520299325, -61.39442150609655)",28.534708723526578
2023-01-04 03:00:00,45.80143360819747,300.3032589374399,49.50753572835103,197.35679253629095,78.07629868309517,2138.8656686793115,-12.65488751072776,"(-85.05168770822921, -15.168642854894273)",26.277665903795537
2023-01-04 04:00:00,54.25406933718915,359.65903579335503,-14.83424046852208,66.80583532520785,357.9861144236988,1921.6332357984084,-3.056848889623076,"(-52.4335595484135, -12.920487419276725)",21.971094300027914
2023-01-04 05:00:00,-85.19106965318193,329.99278615555306,18.769799908092452,109.67833985686124,329.4619709550757,3398.2364134653494,49.06638152870025,"(-22.641497150570657, -55.40297123448923)",93.01762879099215
2023-01-04 06:00:00,-28.306854291145484,340.3933754515407,47.851177493336934,195.42056499130533,13.547996251741745,1091.269439325321,-10.025311996894073,"(51.31765938987559, -80.61223890857973)",64.03543265298674
2023-01-04 07:00:00,-76.82618809497406,359.1585338872202,16.616849091910417,179.82606888409703,110.98608096647472,4749.805919751127,14.922170741594925,"(64.12302510365203, -43.141560281092325)",88.75576745655665
2023-01-04 08:00:00,72.6206851751187,378.00106836351324,24.05790466946838,172.56081064239197,115.5373982940357,3931.72507207776,23.270901402268336,"(69.95265396532096, 6.426112036382932)",12.613404135569354
2023-01-04 09:00:00,24.659625365511587,267.59903137030716,28.702408228923204,88.68542405674097,335.9463717993642,447.0550115612976,29.172547938087277,"(77.64103924832179, -73.74203734953855)",37.0493013970848
2023-01-04 10:00:00,-33.82039502947016,275.1165905279888,11.817874533744124,75.63313810850987,9.855268877182077,2087.903878924642,19.175407844083985,"(12.24085189360271, 127.43001612624249)",66.84455145819493
2023-01-04 11:00:00,-87.28832994279527,218.7963879681738,23.92906560588444,150.29648298866465,52.05429099228692,4395.591537810824,-19.316040680657142,"(48.563244822846855, 75.74095845615423)",94.08617142059815
2023-01-04 12:00:00,-37.80353565686756,315.6560281992348,20.902001834617018,189.40639836913786,399.9580426865947,4723.660111457051,2.8522915770794306,"(23.75665275397678, 17.30164033381442)",68.87393978980461
2023-01-04 13:00:00,-34.96333559465059,207.18845475934842,43.08106073436923,133.51443395208946,89.27233102716681,2337.0075562493485,16.239815036929798,"(17.296821872720045, 17.255896212449358)",67.42687341558363
2023-01-04 14:00:00,45.92123566761282,293.11960362649205,-16.81875337609795,135.74190342048496,326.37305392593737,3067.0569460535385,-13.849345059861665,"(-47.58697336870949, 125.15323275152036)",26.21662741075113
2023-01-04 15:00:00,27.511494271042622,308.52892694151535,-0.3325767285438772,91.99686404904263,119.09139052336326,835.1697304603762,4.5438851846426545,"(16.6049642286672, 41.52539173680546)",35.596289811112555
2023-01-04 16:00:00,77.44254851526532,257.30825042565687,46.52880388535911,165.42393997879054,49.72069637967258,4955.843130684882,-17.67578238460434,"(-1.3347748726684898, 60.332136409677645)",10.156691176001075
2023-01-04 17:00:00,-5.557014967610144,318.1666521138021,42.31846487236414,78.05656228362851,121.58609549972704,1158.358506917217,-14.499505199148548,"(44.86127769582441, 20.85236365953287)",52.444514132155
2023-01-04 18:00:00,-76.08115081233966,206.10004998780988,11.895972694999905,98.55188546063656,361.1334659278296,4713.658870675628,7.784629334111724,"(-14.732246634621177, -3.445018660487989)",88.3761750420703
2023-01-04 19:00:00,42.648957444599006,207.4696377498429,23.409281846107568,113.81546579246252,427.84823405314285,3248.2332449618425,-10.709897216985775,"(-72.09850694291947, 152.71098259225192)",27.883835241146954
2023-01-04 20:00:00,52.157009723379474,364.5201121319317,-0.5833171913207131,126.14155680266825,415.1099322834958,3038.6839743942955,19.72785937830907,"(-51.20187200759183, 0.2793562580127116)",23.03953468641116
2023-01-04 21:00:00,12.255439513899248,272.03812828225256,-6.831518819336708,86.36145986226204,198.5917648092274,2563.442555082543,28.2625478396086,"(-32.59764014726687, -83.21466097376378)",43.369166143318516
2023-01-04 22:00:00,54.19343599091221,225.41210253037696,12.458888345798748,67.22552371088054,334.04256828532306,1153.3490585887935,36.0410689376358,"(-34.97956126890235, -178.97774133074392)",22.001986657830813
2023-01-04 23:00:00,-1.2408807271218478,304.44865201096087,4.734655961823698,141.59300636624488,102.49214770791049,882.6401600275414,-5.989482902863294,"(-56.06946792977272, -91.13718604827524)",50.24546737868116
2023-01-05 00:00:00,4.546565876398816,353.99871061972215,20.855927829561047,93.29458298603836,146.57386513050662,1102.4310453508767,-8.276219241865117,"(-70.2473852327976, 131.65220354916966)",47.29679503550226
2023-01-05 01:00:00,-14.491796328290079,243.16420549936862,-14.558575412451061,137.18573321339184,448.1679092605599,932.1913107212725,-12.680251176591982,"(17.148401357097, 18.978146314574445)",56.996736294267116
2023-01-05 02:00:00,-94.91617465118097,324.57809516380007,48.207636536631654,73.15440729113035,6.500961755368017,3897.9223678337667,24.550117468054566,"(-4.636843877229268, 66.50211253855016)",97.97251651724196
2023-01-05 03:00:00,-78.42171460133912,217.0694929987536,49.034752113572196,122.17101527822263,42.75426542723404,1750.6262958336504,29.453300854083082,"(-89.04242431935465, -36.55356406122715)",89.56867947189438
2023-01-05 04:00:00,-93.71416286265315,210.33634423372155,28.871319981382157,129.8884148827379,103.94312757301365,289.21338281698183,-17.788969862205057,"(23.50109210709681, -111.81125364763338)",97.36009809512626
2023-01-05 05:00:00,27.282082252756084,306.2709263136296,17.52674564408843,57.77353052336404,13.266101936909857,4845.513150704057,45.53485723705829,"(-45.269487055764266, -157.1476102235008)",35.713173977802384
2023-01-05 06:00:00,-37.128803784734664,308.12702432202127,1.6669331400429428,100.49064172908808,90.71771754489866,4418.929424817128,-16.362010144396933,"(68.15842941228999, 77.04013019332166)",68.5301675968639
2023-01-05 07:00:00,1.714138232940556,327.4859802996413,36.96565137948641,70.16220154084614,291.5207804848461,4638.761415976065,17.890743471074934,"(-57.27816899184576, -165.34172884114793)",48.73990140493988
2023-01-05 08:00:00,81.51329478521859,345.21826674453234,27.93118207877155,59.50624557091516,210.71227529624898,4974.5391132321765,29.63423636156415,"(-33.171497691062264, 63.16444552228248)",8.082668249377818
2023-01-05 09:00:00,-50.141554170225014,395.1704158925069,-8.61681424585761,198.49403485849177,446.3358555384874,869.4762460974365,40.967838662225994,"(40.77647413318937, 107.23773074088717)",75.16009263963565
2023-01-05 10:00:00,-17.92341539287405,303.2600696602391,43.76490291456897,98.35307674620844,408.7217808692204,1981.2100945132938,29.986085249269948,"(-65.08844078057174, -72.72807294762046)",58.74512741063762
2023-01-05 11:00:00,51.11022770860973,264.5912945882492,37.57760700462183,171.4811668781952,170.90867584893797,3791.1923785204567,36.12096581488543,"(-32.659948637473164, -102.54799870009505)",23.572864389083662
2023-01-05 12:00:00,-54.24036690167551,359.0372389537407,46.48599393043469,88.19609821456459,129.71171671564625,3480.1030902689613,3.7615134779964237,"(-15.498014449982307, 30.618927920825683)",77.24841527465492
2023-01-05 13:00:00,-84.6040180342414,254.16645025241485,30.800365587185198,152.22540833358937,189.84620408363344,769.4795316992753,37.03775796225585,"(-10.717278588428712, 19.363899071993075)",92.71852920677563
2023-01-05 14:00:00,-42.0497094172464,287.7942841411272,22.93906371550529,164.034178983453,295.1474712574039,4079.165624953089,-14.391960753072741,"(-79.00873190086601, -62.83951469746712)",71.03734206187818
2023-01-05 15:00:00,-67.75574254919911,215.69127626845318,9.277012540343321,139.34581109117664,134.03182041143813,1122.2028591833034,42.63716592423693,"(-87.90634354891223, -73.59534977727162)",84.13442513525271
2023-01-05 16:00:00,85.93953046851462,205.0701486830915,45.290993834780934,120.73642828252376,312.074453924567,1119.0880741131155,18.331466330761536,"(81.82920972095033, 15.068119444032249)",5.827525413885027
2023-01-05 17:00:00,61.6240759128834,392.529682935585,40.62447226502859,111.77613712209029,204.7058260956202,2684.872114467068,37.21084389737456,"(-49.089422977173136, -124.08605215929364)",18.216116319656336
2023-01-05 18:00:00,26.680751302084687,367.19602410244113,-16.83469309256674,102.3302399814493,276.0235904259901,2964.6996742085157,11.662279916281008,"(60.63110489568908, 172.15395573233894)",36.01954880331931
2023-01-05 19:00:00,74.29211803754353,339.1948412187396,-18.15431178519236,189.4293716371739,218.06326456765834,2900.431039189056,25.05043866375675,"(35.631353923779, -75.17396869612706)",11.76181824760377
2023-01-05 20:00:00,60.734415379822906,281.79058888285397,6.352435681463472,174.5929111681594,147.23287977095885,457.43418698877434,16.84818626552792,"(29.429299710018356, 11.602288949980363)",18.669393488046552
2023-01-05 21:00:00,-62.68598822279283,234.65886401416915,36.7387331547283,194.7540365999769,474.22665348107836,4387.304313151902,31.21126652287323,"(64.24302157545671, 92.27065117279909)",81.5514130760327
2023-01-05 22:00:00,78.51179969799554,231.2874085342172,49.10932905204611,68.64458352283171,381.80289707988044,1328.0002129435304,-14.285901257858729,"(26.344436663723457, 27.56929770791149)",9.611913555329807
2023-01-05 23:00:00,7.8684483831301435,250.04857963291906,-9.470817622753028,159.63012128054663,70.05658788322627,647.5746064140209,-15.775354120660534,"(-21.643271635705077, 57.26371987881308)",45.60431409426475
2023-01-06 00:00:00,61.4880310328125,309.8453329412241,21.58915007464946,190.75106852315568,434.2339879489564,4443.740399344886,-2.7027736192897507,"(60.422359571816656, 103.60949503719496)",18.285430440853105
2023-01-06 01:00:00,79.21825998469865,342.91918454001245,6.662359964171507,77.18495992484903,243.7155991247568,4778.257491148767,-8.831872392076816,"(-46.50611093179968, 80.50961836524658)",9.251975908961143
2023-01-06 02:00:00,-36.39930500562723,332.03947534354626,47.89400784702222,59.974440105016626,447.2761134470457,4310.638086327253,41.02484966145412,"(-48.847841871098616, -35.37126153711452)",68.15849196481085
2023-01-06 03:00:00,-77.98961509446465,255.98677938918857,38.94832461949961,161.16809739350884,399.9276279736576,4047.58037362439,-4.6550208849368975,"(71.37247977578127, -112.0579236784975)",89.3485271400099
2023-01-06 04:00:00,-54.41296749161167,390.9730561326388,38.68300932977965,136.1709669769868,212.60675223461672,3276.209903195109,48.31056790733919,"(-22.811169133216637, -28.303608703914875)",77.33635432979048
2023-01-06 05:00:00,-14.578442274748738,347.5793833391537,12.808521185647919,176.2743165137408,11.2346541600587,2754.2868530456967,3.5827054239774796,"(-58.646075561851724, -176.6036922282235)",57.040881929376006
2023-01-06 06:00:00,63.60295318449863,310.87081050228016,9.037365163636562,70.96585649394342,134.33867969247305,434.9337995570507,-7.25174590179105,"(-25.47737195686291, -93.58329507421871)",17.20788918926563
2023-01-06 07:00:00,72.1461166512687,322.3441492468704,-0.8615049648505639,169.29009677898352,270.8171073304335,2042.2660653534936,35.27889549997354,"(85.39108250835741, 150.79933345625506)",12.855194198974601
2023-01-06 08:00:00,-98.60957389376186,283.920012485558,-16.053715234435103,80.24409800716168,316.73910991307366,1863.4425850615698,26.109544285061325,"(-36.1422079419787, 49.59500565691354)",99.85428320037491
2023-01-06 09:00:00,2.149460515513141,249.5461979002315,40.53056633785373,74.54839142985568,128.94384271660115,1298.7689188016311,14.873700151719731,"(-36.85142817726997, 63.2177955787958)",48.51810708649028
2023-01-06 10:00:00,-16.517799370244205,271.1945357302523,36.90307063910543,74.63986968964895,69.67803703641206,3617.1005684429247,18.875448565634187,"(10.84069858323673, 165.65602630499063)",58.02897374650941
2023-01-06 11:00:00,-55.57843790585395,351.5692220928738,49.98023713002914,172.1862080347073,417.46511839964955,2479.378675393854,30.344124479058472,"(-8.761469812796548, -177.85120769082098)",77.93015512186672
2023-01-06 12:00:00,-76.02692653326343,202.87869772595118,49.764578595173376,149.77958310443,492.2010903517761,405.23107953823967,-4.008168106809089,"(-45.99349986784821, 168.91768651264323)",88.34854806889986
2023-01-06 13:00:00,-32.4769657192744,223.21452810138325,18.880219392183918,128.4598137153679,262.8450911513429,1100.9160097490567,49.74337412397193,"(82.53890242254212, 24.813690878248906)",66.16008158341796
2023-01-06 14:00:00,88.58194078250384,209.20052840435056,33.82911906263573,103.82457261852537,85.83964292415175,3416.2938182979797,48.23552135027482,"(24.74563452455753, -133.91786146889476)",4.481231832973052
2023-01-06 15:00:00,-35.35941359584895,208.14576046379403,46.13360109176996,181.58008112196623,136.15366325968446,380.6542974515009,25.52279804428558,"(9.154237995136057, -108.99306536584075)",67.62867298763751
2023-01-06 16:00:00,3.7581243486732205,371.0921168022014,39.4753173474188,108.8667661133953,9.195338273733366,4256.0345702438435,-6.032028434959841,"(-21.68592055125174, 80.78152317204558)",47.6985016751115
2023-01-06 17:00:00,40.60379177903556,340.73157187600475,-2.6856328779761647,172.48991592073656,457.1494032802495,2475.732635069872,27.615976970190395,"(-65.45702317278196, 158.27625911752563)",28.92583594515301
2023-01-06 18:00:00,-27.2740795241412,294.83476581746504,11.538089471706545,115.87023628553277,58.87554144507057,2402.93288663324,-14.946111371457691,"(59.424545635248506, -128.5383218659686)",63.50923956632465
2023-01-06 19:00:00,94.35641654419214,219.56683213020028,-10.958840939395351,106.54166441373613,288.2582377571268,2962.038923297588,-17.854324845593574,"(-80.42775305049437, -95.88417923394115)",1.5391680626586748
2023-01-06 20:00:00,92.48945898842226,298.3231750233665,46.78357190811056,119.40196785044097,137.027610343603,4123.404829625746,-1.962197804215041,"(-47.498766757829365, -162.0300069893261)",2.4903727108775797
2023-01-06 21:00:00,-49.643540834927165,294.69435415611315,22.432224411561606,95.20668112462131,277.0890012578967,1739.0460395109653,12.383606971752144,"(52.001511580503234, 6.5513019374024)",74.90635757321901
2023-01-06 22:00:00,-0.5502988215229152,234.64037398200304,-3.9950036147576107,162.14140702643766,325.7101941759321,3390.0807627953177,40.77907537858664,"(-46.978919407306535, 91.50116012523699)",49.89361968050964
2023-01-06 23:00:00,-39.82433803664607,286.7703298475946,27.019047908409974,125.40805851387188,414.8709018536008,2828.6598199789555,30.901834883641563,"(-44.98138708461128, 36.708474842312256)",69.90352753315557
2023-01-07 00:00:00,-43.031901124506476,279.7009468794747,23.268976832052708,84.8319042720226,103.21063588030161,1335.1413508471067,31.989456483998673,"(22.846087818699985, 67.5062342837291)",71.53776335667433
2023-01-07 01:00:00,-92.62261052909344,323.1700196104433,5.071390262298834,184.93618599118528,5.497914329240238,4393.14993177579,9.784533411365274,"(35.40831129167893, 53.66259278418724)",96.80395816026414
2023-01-07 02:00:00,21.91286679597937,327.01873017352875,-12.050968546025969,107.58368320598171,68.44281503440364,3987.1301080346407,4.215449478287404,"(16.840749694009517, -62.305917803048615)",38.448759842617974
2023-01-07 03:00:00,0.535804645772302,209.0608019544089,27.01012369149597,131.5329291670983,450.00932092405253,3292.2591732921273,5.972713408922189,"(-6.139338793077641, -65.28886197729636)",49.34025591316258
2023-01-07 04:00:00,-89.70424975000213,274.92252292529423,16.421539063265534,185.97081664468203,436.9450387812576,4252.90864547121,49.13546946152405,"(-77.59359276863562, -7.128417484324558)",95.31706932892881
2023-01-07 05:00:00,-44.270707152677716,325.1719831428473,34.06228742149475,143.6356993870988,298.70655108515416,4336.471004799012,-17.192356601126228,"(88.32930079890306, -114.39629168607061)",72.16892824234425
2023-01-07 06:00:00,81.65317719333075,300.62725171601755,16.411445077839538,67.53470610625462,300.2584302168267,3541.814883575174,40.6922047285714,"(-45.96000450058068, -166.17331987441193)",8.011398928664477
2023-01-07 07:00:00,-52.08762186660552,371.29796823766446,39.65270502229781,190.97481854202127,332.5183372731277,4185.06664181836,20.507278600067536,"(-18.342110458237258, -94.74223556570743)",76.15160347116199
2023-01-07 08:00:00,-71.02102558175538,331.738726323789,18.633478714213986,144.15620796071266,87.6856393117248,3487.357308346418,10.703079343271334,"(35.0687376930628, 122.48912329549574)",85.79806895442728
2023-01-07 09:00:00,-2.1094479444873997,232.58688541628595,19.265658007477036,100.23584219856292,457.2059729624799,3400.703858801502,30.768036229059554,"(-16.598154867078108, 151.67961996327938)",50.68799761826552
2023-01-07 10:00:00,97.13009082212014,214.11374948008597,41.36575218608415,70.8908108995081,209.38526244603656,3093.0568910759216,14.066825899729203,"(-63.84141024747062, 100.95553088966221)",0.12599621113132287
2023-01-07 11:00:00,-51.58894569769992,328.4838556412631,8.243800634867792,169.1037783905444,191.56926412474874,3763.5831977882062,41.139626665716236,"(-0.1531283289938301, -179.48179222045766)",75.89753069465294
2023-01-07 12:00:00,34.427109481175705,205.30226210832436,-10.618934008455149,143.01091338927702,259.4588526414188,793.0255264653686,43.049130480788094,"(63.892616038988535, 145.65384868454515)",32.07282174252049
2023-01-07 13:00:00,52.323923065743514,317.15511625469264,-17.98521265806627,130.01916379644823,23.482983387527522,4404.3537959946425,9.52046488114188,"(-79.84614079864141, -110.76583526852197)",22.95449325276111
2023-01-07 14:00:00,-52.472491201520064,388.0460482849915,32.85960789715333,184.08388745764364,83.1416843780397,4359.21763872616,-0.6220541935463899,"(19.447757928537, -87.1378492570679)",76.34769228914085
2023-01-07 15:00:00,45.64326972237191,315.0948355751758,23.421668594742528,168.28958168367961,369.01680821318524,146.23641517279572,21.464523001535355,"(-67.42060632237093, -118.35542282613662)",26.358249537265237
2023-01-07 16:00:00,-26.44337345614936,277.6339852413044,29.28558376694565,72.75123195991267,41.39933396256323,4129.0837528238135,43.86543419316837,"(-19.505458399656902, 54.9528107225355)",63.085999374957986
2023-01-07 17:00:00,26.461166118715894,328.65764368847067,-5.092508694376249,96.75831016933223,301.5760547331941,644.349337367226,-5.253646769603339,"(8.894936084337061, 40.64115815185244)",36.13142625144602
2023-01-07 18:00:00,26.705942152178935,291.6505780983033,-10.453996708926116,87.27337097216986,122.67455484066048,1675.5942712957094,23.607660849443796,"(-53.843808788305225, 160.89326083637172)",36.00671420318169
2023-01-07 19:00:00,7.1549368149516965,309.123357863187,-18.981873403248265,161.59194388590154,194.64780702098827,3717.541281458039,24.20921540647644,"(-29.275815661197782, -31.3578646455629)",45.967844329921036
2023-01-07 20:00:00,-81.94204598911834,388.29296175530504,4.541129116461789,55.02986521036691,144.34686838534992,803.799480241541,31.317911569069672,"(18.151509889567137, -136.07099371967752)",91.3622690310023
2023-01-07 21:00:00,67.0604991178476,277.22052756015484,21.294238079824318,135.48345273069748,177.83635823247457,4089.835120595311,-10.790262041091815,"(-83.69069137746577, -21.91683221618098)",15.446288475276361
2023-01-07 22:00:00,-35.843987005652835,392.23811276478284,7.457083156981263,164.36880286110357,359.52295259212275,4160.670889788709,30.1077475277462,"(-44.115678184280654, 115.38757504122822)",67.87556048563351
2023-01-07 23:00:00,-62.69629792002915,381.07012839121273,10.623244541661034,181.51484551426242,148.5608578115875,2537.338668804181,43.63227644659487,"(7.490351313917671, -169.4818544092791)",81.5566658103022
2023-01-08 00:00:00,-91.84497168904721,239.15822695785928,43.29110861456239,101.31226230738612,283.2023201484486,31.9293585841679,-7.422182379083061,"(-29.481215063627637, 36.38016051823564)",96.40775543085475
2023-01-08 01:00:00,18.17858863764836,213.8722601750331,4.377882691631026,173.18859570080193,238.02520109954983,1435.1906658745638,-3.3719672553285633,"(11.381337169441167, 179.65583929021602)",40.35135410940729
2023-01-08 02:00:00,35.51287236845647,220.15560027548534,15.979264241186755,66.59476054328108,331.83558268132407,3084.634591878711,47.99765658291477,"(-12.589744130349231, 126.25538592443513)",31.51963149882522
2023-01-08 03:00:00,-96.68243421442877,203.64436513030995,34.855710891880015,176.96784376017774,468.414869662379,4905.930890137118,-7.331613310335715,"(-72.6573543035135, -138.80814418982257)",98.87241608985413
2023-01-08 04:00:00,2.4186116598561966,218.8885921511857,7.757994762488913,69.12329934979736,366.28604860512513,3159.067635083342,39.80695653587054,"(53.38185412687167, -123.30868586491053)",48.38097605274968
2023-01-08 05:00:00,-54.70084496041241,336.6013546832714,23.546069015951147,109.59309358405508,107.47018929537838,1299.017905320799,14.459449951362437,"(-27.206259700067143, 12.225433920107037)",77.48302632326697
2023-01-08 06:00:00,29.03455808188997,214.2377296920458,40.36545961227216,169.59430486693304,15.591567530642337,3170.0285154980565,-2.693824791777608,"(-68.68521625751093, -94.59589116382458)",34.820297142219474
2023-01-08 07:00:00,-65.12671419900171,263.79512605875226,46.466443656034954,72.48761410231606,131.13202214991253,2699.9268985792773,40.952493089075794,"(73.22288858587231, -107.57014432146597)",82.79494959159163
2023-01-08 08:00:00,38.18754762049318,368.97506219389095,-9.704856334967344,84.38770928489623,297.5389653501274,3899.226975755718,11.171367850186584,"(83.25154408154216, -164.2243153442646)",30.15689910871245
2023-01-08 09:00:00,-22.652930739892525,204.65438714716518,44.861133761304615,158.33788525895994,25.712906742125174,534.903194134792,16.03721477507831,"(-87.2450615147185, -137.7768562977086)",61.15478957355243
2023-01-08 10:00:00,87.3459977473469,362.89369651778713,14.448140515567673,158.00548048191115,248.18312360061816,3805.13951251014,5.146335857983598,"(-44.101269599659446, 39.88084160198932)",5.110938039384507
2023-01-08 11:00:00,-72.49581117080135,256.37095495468,-1.922892819072917,146.1721449327946,298.4214244584446,2706.3328933805515,21.506559600444923,"(-52.80991519154445, -91.58921871913138)",86.54946413376132
2023-01-08 12:00:00,-31.786729789948296,223.63296552433124,12.13950293667829,154.092266670065,167.1219454084804,4814.960019294973,-8.553328919048406,"(23.365185420521925, -80.58876928543913)",65.80841015826232
2023-01-08 13:00:00,-77.30529575188218,339.34743307283014,48.602280269983396,131.40866650213943,385.45610187291095,1709.3608301934305,7.375707565623248,"(29.404691959296002, -138.3730847016186)",88.99987018339147
2023-01-08 14:00:00,84.93872365571255,325.7885693559768,14.48326657950087,87.76985883604291,53.2991265668859,3163.1094656697405,47.858862563470126,"(-88.63535608901009, 162.17750783016572)",6.337431002988751
2023-01-08 15:00:00,75.46787067619621,375.4944027054106,3.012612720125574,101.85439902558792,37.56889086790438,4660.140527550087,-1.9306597109210735,"(43.06791957650128, 104.87906261641177)",11.162778718512342
2023-01-08 16:00:00,-48.41167445696888,347.01420876077714,24.338059802170804,77.23965752021385,364.0943781018017,512.5486399533963,25.97156651789045,"(18.967100004246817, 122.48109634411583)",74.27872840131998
2023-01-08 17:00:00,31.99680920683582,360.69618607696975,-3.1898066855264844,186.26758420004424,247.74565810309923,4686.142436182256,2.76330449572864,"(36.44458416128241, 49.510277574545825)",33.31104642008496
2023-01-08 18:00:00,63.444440040243165,256.4069145142613,-14.689567032393526,137.50876921491806,344.201198213868,3439.428611504067,34.14311879806205,"(69.449338918791, -127.81294387963297)",17.28865076799225
2023-01-08 19:00:00,11.04016231989246,235.48790875594457,-10.978419466254554,110.12771251454598,217.4136693018731,339.18529552585954,-10.838843749715512,"(45.531965376858864, 24.562145759414648)",43.98834321686317
2023-01-08 20:00:00,5.930115671201293,350.12295032817167,-11.036791272955929,119.3008705466199,123.2010166195534,1504.8178347340813,47.88747315549813,"(-59.68158096562259, 177.35093148781965)",46.59188399358213
2023-01-08 21:00:00,-51.62954181990966,361.3669478534528,-9.366811454139395,192.0925009417723,409.5511588370999,3540.860443226408,11.765267896854748,"(47.38061104870309, -24.09276240433431)",75.9182141965495
2023-01-08 22:00:00,-81.37944643882015,398.1010284001346,-10.282097914541291,73.00271046741203,399.7079394844896,336.7530073438585,-3.476467565747523,"(37.11156971957179, -72.26323278692644)",91.0756276418204
2023-01-08 23:00:00,79.44315159066534,282.52353538228533,24.86123213622502,137.9344748025196,347.34823542721335,2910.8523008813663,-14.855227686899113,"(-73.05901144830784, -75.90930170310351)",9.137394867587261
2023-01-09 00:00:00,80.08361143266609,274.40361715855664,-7.268394092059863,125.8833018326699,136.07256861498135,1729.4152847647838,-8.116946643872149,"(-64.87900157783639, 40.71146520773789)",8.811084086270426
2023-01-09 01:00:00,26.620291454653582,355.2825921483994,4.196709832670425,141.71813531519717,295.1153334345436,3104.5775888373855,16.384176398921234,"(-88.61837265180769, 164.62495109296242)",36.05035276441063
2023-01-09 02:00:00,-32.19404179025986,268.1607080506036,42.77518869342083,52.71652757312608,180.4869484700134,228.71016906256426,3.5902223501900394,"(-33.508540196342494, -70.420554176846)",66.01593339132904
2023-01-09 03:00:00,-30.158085077467817,386.15146512071294,13.177314818401065,180.81858634162273,45.79103666331707,4357.684030761881,38.02183561178266,"(-41.18884365394879, 176.3697976221058)",64.97862459831705
2023-01-09 04:00:00,45.191135774047865,371.6825503686024,26.729041696471903,189.81774237254186,458.65678773112137,4867.444845886985,10.162126656326414,"(-75.46896303641192, 88.28992298715002)",26.58860930732763
2023-01-09 05:00:00,79.42205199051543,285.7988054750037,-7.937609015885911,134.76997753838134,68.4093154594807,4844.389276428457,-2.5900009188659077,"(17.229852290333284, 149.4733672002028)",9.148144998288473
2023-01-09 06:00:00,77.41728485302346,350.17421355829947,-6.539768683393046,154.49762358153384,475.11867691040123,3748.2591587146235,23.2001490622821,"(-75.53793305649356, -68.51154466252171)",10.169562873529074
2023-01-09 07:00:00,55.975109171524764,350.9085748169365,-17.13919686134648,188.37490717659435,223.00288647897787,650.4312006531599,29.474405181981204,"(-7.743029965996911, -95.66907232363957)",21.094233931600925
